Player,Tm,FantPos,Age,G,GS,Cmp,Att,Yds,TD,Int,Att,Yds,Y/A,TD,Tgt,Rec,Yds,Y/R,TD,Fmb,FL,TD,2PM,2PP
Wayne Gallman,NYG,RB,25,10,2,0,0,0,0,0,29,110,3.79,2,15,11,102,9.27,1,0,1,3,0,0
Cyril Grayson,TAM,WR,26,2,0,0,0,0,0,0,0,0,0,0,1,1,3,3.00,0,0,0,0,0,0
Justin Watson,TAM,WR,23,16,2,0,0,0,0,0,0,0,0,0,26,15,159,10.60,2,0,0,2,0,0
Javon Wims,CHI,WR,25,16,6,0,0,0,0,0,0,0,0,0,39,18,186,10.33,1,0,0,1,0,0
Dak Prescott,DAL,QB,26,16,16,388,596,4902,30,11,52,277,5.33,3,0,0,0,0,0,6,2,3,0,1
Matt Barkley,BUF,QB,29,2,0,27,51,359,0,3,2,-4,-2.00,0,0,0,0,0,0,3,1,0,0,0
Garrett Gilbert,CLE,QB,28,5,0,0,3,0,0,0,3,-3,-1.00,0,0,0,0,0,0,0,0,0,0,0
Carlos Hyde,HOU,RB,29,16,14,0,0,0,0,0,245,1070,4.37,6,16,10,42,4.20,0,4,2,6,0,0
Will Fuller,HOU,WR,25,11,11,0,0,0,0,0,0,0,0,0,71,49,670,13.67,3,1,0,3,0,0
Cam Sims,WAS,WR,23,7,1,0,0,0,0,0,0,0,0,0,3,2,27,13.50,0,0,0,0,0,0
Mike Glennon,OAK,QB,30,2,0,6,10,56,1,0,2,0,0.00,0,0,0,0,0,0,3,1,0,0,0
Kendrick Bourne,SFO,WR,24,16,0,0,0,0,0,0,0,0,0,0,44,30,358,11.93,5,0,0,5,1,0
Courtland Sutton,DEN,WR,24,16,14,1,1,38,0,0,3,17,5.67,0,124,72,1112,15.44,6,2,0,6,0,0
Mitchell Trubisky,CHI,QB,25,15,15,326,516,3138,17,10,48,193,4.02,2,0,0,0,0,0,5,2,2,0,1
Donte Moncrief,2TM,WR,26,8,2,0,0,0,0,0,0,0,0,0,15,4,18,4.50,0,0,0,0,0,0
Mark Ingram,BAL,RB,30,15,15,0,0,0,0,0,202,1018,5.04,10,29,26,247,9.50,5,2,2,15,2,0
DeSean Jackson,PHI,WR,33,3,3,0,0,0,0,0,0,0,0,0,10,9,159,17.67,2,0,0,2,0,0
Breshad Perriman,TAM,WR,26,14,4,0,0,0,0,0,2,16,8.00,0,69,36,645,17.92,6,0,0,6,0,0
Dawson Knox,BUF,TE,23,15,11,0,0,0,0,0,1,9,9.00,0,50,28,388,13.86,2,0,0,2,0,0
Ryan Fitzpatrick,MIA,QB,37,15,13,311,502,3529,20,13,54,243,4.50,4,0,0,0,0,0,9,2,4,0,1
Larry Fitzgerald,ARI,WR,36,16,16,0,0,0,0,0,0,0,0,0,109,75,804,10.72,4,1,1,4,0,0
Ryan Nall,CHI,RB,24,8,0,0,0,0,0,0,2,8,4.00,0,0,0,0,0,0,0,0,0,0,0
Greg Olsen,CAR,TE,34,14,14,0,0,0,0,0,0,0,0,0,82,52,597,11.48,2,0,0,2,0,0
Chad Beebe,MIN,WR,25,3,0,0,0,0,0,0,0,0,0,0,2,2,70,35.00,0,3,0,0,0,0
Le'Veon Bell,NYJ,RB,27,15,15,0,0,0,0,0,245,789,3.22,3,78,66,461,6.98,1,1,1,4,1,0
Russell Wilson,SEA,QB,31,16,16,341,516,4110,31,5,75,342,4.56,3,0,0,0,0,0,8,2,3,0,1
Foster Moreau,OAK,TE,22,13,7,0,0,0,0,0,0,0,0,0,25,21,174,8.29,5,0,0,5,0,0
Ameer Abdullah,MIN,RB,26,16,0,0,0,0,0,0,23,115,5.00,0,21,15,88,5.87,1,1,1,1,0,0
Tony Pollard,DAL,RB,22,15,0,0,0,0,0,0,86,455,5.29,2,20,15,107,7.13,1,1,1,3,1,0
Tyreek Hill,KAN,WR,25,12,12,0,0,0,0,0,8,23,2.88,0,89,58,860,14.83,7,0,0,7,0,0
Juwann Winfree,DEN,WR,23,3,0,0,0,0,0,0,0,0,0,0,0,0,0,0,0,0,0,0,0,0
Diontae Spencer,DEN,WR,27,16,2,0,0,0,0,0,3,6,2.00,0,8,6,31,5.17,0,3,1,0,0,0
Josh Malone,NYJ,WR,23,2,0,0,0,0,0,0,0,0,0,0,0,0,0,0,0,0,0,0,0,0
T.J. Yeldon,BUF,RB,26,6,0,0,0,0,0,0,17,63,3.71,0,15,13,124,9.54,0,1,1,0,0,0
Danny Amendola,DET,WR,34,15,10,1,1,19,1,0,0,0,0,0,97,62,678,10.94,1,0,0,1,0,0
Leonard Fournette,JAX,RB,24,15,15,0,0,0,0,0,265,1152,4.35,3,100,76,522,6.87,0,1,1,3,0,0
Jace Sternberger,GNB,TE,23,6,1,0,0,0,0,0,0,0,0,0,1,0,0,0,0,0,0,0,0,0
Anthony Sherman,KAN,RB,31,16,0,0,0,0,0,0,4,9,2.25,0,3,2,22,11.00,0,0,0,0,0,0
Derek Watt,LAC,RB,27,16,2,0,0,0,0,0,7,10,1.43,1,5,3,32,10.67,0,0,0,1,0,0
Ricky Seals-Jones,CLE,WR,24,14,3,0,0,0,0,0,0,0,0,0,22,14,229,16.36,4,1,1,4,0,0
Buddy Howell,HOU,RB,23,16,0,0,0,0,0,0,5,10,2.00,0,0,0,0,0,0,0,0,0,0,0
Trenton Cannon,NYJ,RB,25,4,0,0,0,0,0,0,0,0,0,0,0,0,0,0,0,0,0,0,0,0
Brandin Cooks,LAR,WR,26,14,14,0,0,0,0,0,6,52,8.67,0,72,42,583,13.88,2,0,0,2,0,0
Tim Patrick,DEN,WR,26,8,2,0,0,0,0,0,0,0,0,0,31,16,218,13.63,0,0,0,0,0,0
A.J. Brown,TEN,WR,22,16,11,0,0,0,0,0,3,60,20.00,1,84,52,1051,20.21,8,1,0,9,0,0
Dan Arnold,2TM,WR,24,5,1,0,0,0,0,0,0,0,0,0,14,8,127,15.88,2,0,0,2,0,0
Ryan Griffin,TAM,QB,30,2,0,2,4,18,0,0,4,-1,-0.25,0,0,0,0,0,0,0,0,0,0,0
Andrew Beck,DEN,TE,23,16,6,1,1,6,0,0,1,3,3.00,0,12,9,90,10.00,1,0,0,1,0,0
Josh Reynolds,LAR,WR,24,16,2,0,0,0,0,0,5,23,4.60,0,43,21,326,15.52,1,0,0,1,0,0
Demetrius Harris,CLE,TE,28,15,6,0,0,0,0,0,0,0,0,0,27,15,149,9.93,3,0,0,3,1,0
Giovani Bernard,CIN,RB,28,16,2,0,0,0,0,0,53,170,3.21,0,43,30,234,7.80,0,2,1,0,0,0
Kenny Golladay,DET,WR,26,16,16,0,0,0,0,0,0,0,0,0,116,65,1190,18.31,11,1,1,11,0,0
Aaron Rodgers,GNB,QB,36,16,16,353,569,4002,26,4,46,183,3.98,1,0,0,0,0,0,4,4,1,1,2
Marquez Valdes-Scantling,GNB,WR,25,16,10,0,0,0,0,0,2,9,4.50,0,56,26,452,17.38,2,0,0,2,0,0
Riley Ridley,CHI,WR,23,5,0,0,0,0,0,0,0,0,0,0,7,6,69,11.50,0,0,0,0,0,0
Steven Sims,WAS,WR,22,16,2,0,1,0,0,0,9,85,9.44,1,56,34,310,9.12,4,1,0,6,0,0
Bennie Fowler,NYG,WR,28,8,2,0,0,0,0,0,1,20,20.00,0,36,23,193,8.39,0,0,0,0,1,0
James O'Shaughnessy,JAX,TE,27,5,5,0,0,0,0,0,0,0,0,0,20,14,153,10.93,2,0,0,2,0,0
Darrius Shepherd,GNB,WR,24,6,0,0,0,0,0,0,0,0,0,0,2,1,1,1.00,0,1,1,0,0,0
Robert Woods,LAR,WR,27,15,15,0,0,0,0,0,17,115,6.76,1,139,90,1134,12.60,2,0,0,3,0,0
Kyle Allen,CAR,QB,23,13,12,303,489,3322,17,16,32,106,3.31,2,0,0,0,0,0,13,7,2,0,0
Derek Carr,OAK,QB,28,16,16,361,513,4054,21,8,27,82,3.04,2,0,0,0,0,0,7,3,2,0,0
Marcus Mariota,TEN,QB,26,7,6,95,160,1203,7,2,24,129,5.38,0,0,0,0,0,0,3,0,0,0,0
Case Keenum,WAS,QB,31,10,8,160,247,1707,11,5,9,12,1.33,1,0,0,0,0,0,6,3,1,0,0
Adrian Peterson,WAS,RB,34,15,15,0,0,0,0,0,211,898,4.26,5,23,17,142,8.35,0,3,2,5,0,0
Cameron Brate,TAM,TE,28,16,6,0,0,0,0,0,0,0,0,0,55,36,311,8.64,4,0,0,4,0,0
Mike Gesicki,MIA,TE,24,16,5,0,0,0,0,0,0,0,0,0,89,51,570,11.18,5,1,1,5,0,0
Antony Auclair,TAM,TE,26,8,5,0,0,0,0,0,0,0,0,0,3,1,11,11.00,0,0,0,0,0,0
Chris Hogan,CAR,WR,32,7,1,0,0,0,0,0,0,0,0,0,15,8,67,8.38,0,0,0,0,0,0
D.K. Metcalf,SEA,WR,22,16,15,0,0,0,0,0,2,11,5.50,0,100,58,900,15.52,7,3,3,7,1,0
Mike Thomas,LAR,WR,25,16,0,0,0,0,0,0,0,0,0,0,5,2,14,7.00,0,0,0,0,0,0
Calvin Ridley,ATL,WR,25,13,10,0,0,0,0,0,2,34,17.00,0,93,63,866,13.75,7,0,0,7,1,0
Christian Blake,ATL,WR,23,9,3,0,0,0,0,0,0,0,0,0,24,11,91,8.27,0,0,0,0,0,0
Anthony Miller,CHI,WR,25,16,7,0,0,0,0,0,1,-1,-1.00,0,85,52,656,12.62,2,1,1,2,0,0
Darrell Daniels,ARI,TE,25,11,0,0,0,0,0,0,0,0,0,0,3,1,4,4.00,0,0,0,0,0,0
Jaydon Mickens,TAM,WR,25,1,0,0,0,0,0,0,0,0,0,0,0,0,0,0,0,0,0,0,0,0
Taysom Hill,NOR,TE,29,16,5,3,6,55,0,0,27,156,5.78,1,22,19,234,12.32,6,0,0,7,0,0
Deante Burton,DAL,WR,25,3,0,0,0,0,0,0,0,0,0,0,0,0,0,0,0,0,0,0,0,0
Trent Sherfield,ARI,WR,23,16,1,0,0,0,0,0,0,0,0,0,13,4,80,20.00,0,0,0,0,0,0
Trevon Wesco,NYJ,TE,24,16,1,0,0,0,0,0,1,2,2.00,0,3,2,47,23.50,0,0,0,0,0,0
Tyler Lockett,SEA,WR,27,16,16,0,0,0,0,0,4,-5,-1.25,0,110,82,1057,12.89,8,1,0,8,0,0
Amari Cooper,DAL,WR,25,16,16,0,0,0,0,0,1,6,6.00,0,119,79,1189,15.05,8,0,0,8,0,0
John Ross,CIN,WR,24,8,8,0,0,0,0,0,3,4,1.33,0,56,28,506,18.07,3,1,1,3,0,0
Allen Robinson,CHI,WR,26,16,15,0,0,0,0,0,1,2,2.00,0,154,98,1147,11.70,7,0,0,7,0,0
Demarcus Robinson,KAN,WR,25,16,10,0,0,0,0,0,0,0,0,0,55,32,449,14.03,4,0,0,4,0,0
Dalton Schultz,DAL,TE,23,16,0,0,0,0,0,0,0,0,0,0,2,1,6,6.00,0,0,0,0,0,0
Devine Ozigbo,JAX,RB,23,10,0,0,0,0,0,0,9,27,3.00,0,5,3,23,7.67,0,0,0,0,0,0
DaeSean Hamilton,DEN,WR,24,16,2,0,0,0,0,0,0,0,0,0,52,28,297,10.61,1,0,0,1,0,0
D.J. Foster,ARI,WR,26,6,0,0,0,0,0,0,0,0,0,0,0,0,0,0,0,0,0,0,0,0
Austin Hooper,ATL,TE,25,13,10,0,0,0,0,0,0,0,0,0,97,75,787,10.49,6,0,0,6,1,0
Olabisi Johnson,MIN,WR,22,16,6,0,0,0,0,0,1,6,6.00,0,45,31,294,9.48,3,0,0,3,0,0
Stanley Morgan Jr.,CIN,WR,23,11,0,0,0,0,0,0,0,0,0,0,10,3,18,6.00,0,0,0,0,0,0
Nelson Agholor,PHI,WR,26,11,10,0,0,0,0,0,2,7,3.50,0,69,39,363,9.31,3,2,1,3,1,0
Deshaun Watson,HOU,QB,24,15,15,333,495,3852,26,12,82,413,5.04,7,1,1,6,6.00,1,10,3,8,0,1
Jarvis Landry,CLE,WR,27,16,16,0,0,0,0,0,1,10,10.00,0,138,83,1174,14.14,6,0,0,6,0,0
Zach Pascal,IND,WR,25,16,13,0,1,0,0,0,2,16,8.00,0,72,41,607,14.80,5,0,0,5,1,0
Allen Lazard,GNB,WR,24,16,3,0,0,0,0,0,1,21,21.00,0,52,35,477,13.63,3,0,0,3,0,0
Ray-Ray McCloud,CAR,WR,23,6,0,0,0,0,0,0,0,0,0,0,0,0,0,0,0,3,1,0,0,0
Tyler Boyd,CIN,WR,25,16,15,0,0,0,0,0,4,23,5.75,0,148,90,1046,11.62,5,2,2,5,0,0
James White,NWE,RB,27,15,1,1,1,35,0,0,67,263,3.93,1,95,72,645,8.96,5,1,1,6,1,0
Gerald Everett,LAR,TE,25,13,2,0,0,0,0,0,1,0,0.00,0,60,37,408,11.03,2,0,0,2,0,0
Damien Harris,NWE,RB,22,2,0,0,0,0,0,0,4,12,3.00,0,0,0,0,0,0,0,0,0,0,0
Darius Slayton,NYG,WR,22,14,9,0,0,0,0,0,0,0,0,0,84,48,740,15.42,8,0,0,8,0,0
Deon Cain,2TM,WR,23,13,6,0,0,0,0,0,0,0,0,0,20,9,124,13.78,0,0,0,0,0,0
Wendell Smallwood,WAS,RB,25,15,0,0,0,0,0,0,22,81,3.68,0,13,9,64,7.11,0,0,0,0,0,0
Lee Smith,BUF,WR,32,16,5,0,0,0,0,0,0,0,0,0,5,4,31,7.75,1,0,0,1,0,0
Boston Scott,PHI,RB,24,11,2,0,0,0,0,0,61,245,4.02,5,26,24,204,8.50,0,4,1,5,0,0
Devontae Booker,DEN,RB,27,16,0,0,0,0,0,0,2,9,4.50,0,9,6,57,9.50,0,0,0,0,0,0
JJ Arcega-Whiteside,PHI,WR,23,16,5,0,0,0,0,0,0,0,0,0,22,10,169,16.90,1,0,0,1,0,0
Isaiah McKenzie,BUF,WR,24,15,8,0,0,0,0,0,8,49,6.13,0,39,27,254,9.41,1,0,0,1,0,0
Jimmy Garoppolo,SFO,QB,28,16,16,329,476,3978,27,13,46,62,1.35,1,0,0,0,0,0,10,5,1,0,2
Gus Edwards,BAL,RB,24,16,1,0,0,0,0,0,133,711,5.35,2,7,7,45,6.43,0,2,1,2,0,0
Taywan Taylor,CLE,WR,24,3,1,0,0,0,0,0,0,0,0,0,1,0,0,0,0,0,0,0,0,0
Nick Chubb,CLE,RB,24,16,16,0,0,0,0,0,298,1494,5.01,8,49,36,278,7.72,0,3,3,8,0,0
Jordan Howard,PHI,RB,25,10,4,0,0,0,0,0,119,525,4.41,6,14,10,69,6.90,1,0,0,7,0,0
Jakeem Grant,MIA,WR,27,10,2,0,0,0,0,0,4,5,1.25,1,33,19,164,8.63,0,2,1,2,0,0
Brandon Zylstra,CAR,WR,26,8,0,0,0,0,0,0,0,0,0,0,12,8,106,13.25,0,1,0,0,0,0
Tim Boyle,GNB,QB,25,3,0,3,4,15,0,0,5,-7,-1.40,0,0,0,0,0,0,0,0,0,0,0
Deebo Samuel,SFO,WR,23,15,11,0,0,0,0,0,14,159,11.36,3,81,57,802,14.07,3,2,1,6,1,0
Evan Baylis,GNB,TE,26,5,0,0,0,0,0,0,0,0,0,0,0,0,0,0,0,0,0,0,0,0
Brandon Allen,DEN,QB,27,3,3,39,84,515,3,2,10,39,3.90,0,0,0,0,0,0,0,0,0,0,0
Sterling Shepard,NYG,WR,26,10,10,0,0,0,0,0,6,72,12.00,0,83,57,576,10.11,3,0,0,3,1,0
Nsimba Webster,LAR,WR,23,5,0,0,0,0,0,0,0,0,0,0,0,0,0,0,0,1,0,0,0,0
Byron Pringle,KAN,WR,26,16,0,0,0,0,0,0,0,0,0,0,16,12,170,14.17,1,0,0,1,0,0
Darwin Thompson,KAN,RB,22,12,0,0,0,0,0,0,37,128,3.46,1,10,9,43,4.78,0,0,0,1,0,0
Trey Quinn,WAS,WR,24,12,6,0,0,0,0,0,0,0,0,0,47,26,198,7.62,1,1,1,1,1,0
Randall Cobb,DAL,WR,29,15,6,0,1,0,0,0,3,11,3.67,0,83,55,828,15.05,3,2,1,3,0,0
Jordan Akins,HOU,TE,27,16,9,0,0,0,0,0,0,0,0,0,55,36,418,11.61,2,0,0,2,0,0
Peyton Barber,TAM,RB,25,16,7,0,0,0,0,0,154,470,3.05,6,24,16,115,7.19,1,1,1,7,1,0
Jaeden Graham,ATL,TE,24,16,0,0,0,0,0,0,0,0,0,0,10,9,149,16.56,1,0,0,1,0,0
Miles Boykin,BAL,WR,23,16,11,0,0,0,0,0,0,0,0,0,22,13,198,15.23,3,0,0,3,0,0
James Washington,PIT,WR,23,15,10,0,0,0,0,0,0,0,0,0,80,44,735,16.70,3,1,1,3,0,0
Mohamed Sanu,2TM,WR,30,15,12,0,0,0,0,0,3,11,3.67,0,89,59,520,8.81,2,0,0,2,0,0
Tyler Ervin,2TM,RB,26,10,0,0,0,0,0,0,1,10,10.00,0,4,2,11,5.50,0,2,0,0,0,0
Chris Godwin,TAM,WR,23,14,14,0,0,0,0,0,1,8,8.00,0,121,86,1333,15.50,9,0,0,9,1,0
DeVante Parker,MIA,WR,26,16,14,0,0,0,0,0,0,0,0,0,128,72,1202,16.69,9,0,0,9,0,0
Anthony Firkser,TEN,FB,24,15,1,0,0,0,0,0,0,0,0,0,24,14,204,14.57,1,0,0,1,0,0
Mack Hollins,2TM,WR,26,16,3,0,0,0,0,0,0,0,0,0,23,10,125,12.50,0,0,0,0,0,0
Fred Brown,DEN,WR,26,13,1,0,0,0,0,0,0,0,0,0,3,2,21,10.50,0,1,0,0,0,0
J.D. McKissic,DET,WR,26,16,3,0,0,0,0,0,38,205,5.39,0,42,34,233,6.85,1,0,0,1,0,0
Eric Saubert,CHI,TE,25,2,0,0,0,0,0,0,0,0,0,0,3,2,21,10.50,0,0,0,0,0,0
Rashaad Penny,SEA,RB,23,10,0,0,0,0,0,0,65,370,5.69,3,11,8,83,10.38,1,1,1,4,0,0
Senorise Perry,BUF,RB,28,11,0,0,0,0,0,0,3,3,1.00,0,1,1,1,1.00,0,0,0,0,0,0
Bo Scarbrough,DET,RB,25,6,5,0,0,0,0,0,89,377,4.24,1,4,1,5,5.00,0,1,1,1,0,0
Chris Conley,JAX,WR,27,16,14,0,0,0,0,0,0,0,0,0,90,47,775,16.49,5,0,0,5,1,0
Devonta Freeman,ATL,RB,27,14,14,0,0,0,0,0,184,656,3.57,2,70,59,410,6.95,4,3,2,6,0,0
Joe Flacco,DEN,QB,34,8,8,171,262,1822,6,5,12,20,1.67,0,0,0,0,0,0,8,3,0,0,1
Daniel Brown,NYJ,WR,27,16,5,0,0,0,0,0,0,0,0,0,11,7,72,10.29,1,0,0,1,0,0
Luke Willson,SEA,TE,29,8,7,0,0,0,0,0,0,0,0,0,10,8,79,9.88,0,0,0,0,0,0
Cody Hollister,TEN,WR,26,5,0,0,0,0,0,0,0,0,0,0,2,2,13,6.50,0,0,0,0,0,0
DeAndre Washington,OAK,RB,26,16,3,0,0,0,0,0,108,387,3.58,3,41,36,292,8.11,0,0,0,3,0,0
Craig Reynolds,WAS,RB,23,3,0,0,0,0,0,0,0,0,0,0,0,0,0,0,0,0,0,0,0,0
Adam Thielen,MIN,WR,29,10,10,0,0,0,0,0,4,6,1.50,1,48,30,418,13.93,6,0,0,7,0,0
Kareem Hunt,CLE,RB,24,8,3,0,0,0,0,0,43,179,4.16,2,44,37,285,7.70,1,1,0,3,0,0
Chris Manhertz,CAR,TE,27,15,6,0,0,0,0,0,0,0,0,0,1,1,11,11.00,0,0,0,0,0,0
Tre'Quan Smith,NOR,WR,23,11,6,0,0,0,0,0,0,0,0,0,25,18,234,13.00,5,0,0,5,0,0
Andy Dalton,CIN,QB,32,13,13,314,528,3494,16,14,32,73,2.28,4,1,1,-4,-4.00,0,8,4,4,1,1
Keith Smith,ATL,FB,27,16,5,0,0,0,0,0,5,8,1.60,0,3,1,13,13.00,0,0,0,0,0,0
O.J. Howard,TAM,TE,25,14,14,0,0,0,0,0,0,0,0,0,53,34,459,13.50,1,1,1,1,0,0
Ito Smith,ATL,RB,24,7,0,0,0,0,0,0,22,106,4.82,1,14,11,87,7.91,0,0,0,1,0,0
Andy Janovich,DEN,RB,26,7,3,0,0,0,0,0,1,1,1.00,1,5,5,42,8.40,0,0,0,1,0,0
Golden Tate,NYG,WR,31,11,10,0,0,0,0,0,1,16,16.00,0,85,49,676,13.80,6,1,1,6,0,0
Troymaine Pope,LAC,RB,26,14,0,0,0,0,0,0,10,20,2.00,0,3,2,14,7.00,1,1,1,1,0,0
Jake Kumerow,GNB,WR,27,14,4,0,0,0,0,0,0,0,0,0,21,12,219,18.25,1,0,0,1,0,0
Zach Ertz,PHI,TE,29,15,15,0,0,0,0,0,0,0,0,0,135,88,916,10.41,6,1,1,6,1,0
Davante Adams,GNB,WR,27,12,12,0,0,0,0,0,0,0,0,0,127,83,997,12.01,5,2,1,5,1,0
Travis Fulgham,DET,WR,24,3,0,0,0,0,0,0,0,0,0,0,3,0,0,0,0,0,0,0,0,0
Robert Tonyan,GNB,TE,25,11,1,0,0,0,0,0,0,0,0,0,15,10,100,10.00,1,0,0,1,0,0
Trey Burton,CHI,TE,28,8,5,0,0,0,0,0,0,0,0,0,24,14,84,6.00,0,0,0,0,0,0
Preston Williams,MIA,WR,22,8,7,0,0,0,0,0,0,0,0,0,60,32,428,13.38,3,2,1,3,0,0
Deon Yelder,KAN,TE,24,9,1,0,0,0,0,0,0,0,0,0,4,3,50,16.67,0,0,0,0,0,0
Daniel Jones,NYG,QB,22,13,12,284,459,3027,24,12,45,279,6.20,2,0,0,0,0,0,19,11,2,0,2
Vance McDonald,PIT,TE,29,14,14,0,0,0,0,0,1,2,2.00,0,55,38,273,7.18,3,1,0,3,0,0
Jason Moore,LAC,WR,24,10,0,0,0,0,0,0,0,0,0,0,5,2,43,21.50,0,0,0,0,0,0
Ronald Jones II,TAM,RB,22,16,9,0,0,0,0,0,172,724,4.21,6,40,31,309,9.97,0,3,2,6,0,0
Richie James,SFO,WR,24,16,1,0,0,0,0,0,2,-1,-0.50,0,10,6,165,27.50,1,1,1,1,0,0
Hayden Hurst,BAL,TE,26,16,4,0,0,0,0,0,0,0,0,0,39,30,349,11.63,2,0,0,2,0,0
Mason Schreck,CIN,TE,26,2,0,0,0,0,0,0,0,0,0,0,0,0,0,0,0,0,0,0,0,0
Chris Carson,SEA,RB,25,15,15,0,0,0,0,0,278,1230,4.42,7,47,37,266,7.19,2,7,4,9,0,0
Jakob Johnson,NWE,FB,25,4,3,0,0,0,0,0,0,0,0,0,2,1,5,5.00,0,0,0,0,0,0
Tevin Coleman,SFO,RB,26,14,11,0,0,0,0,0,137,544,3.97,6,30,21,180,8.57,1,0,0,7,0,0
Cooper Kupp,LAR,WR,26,16,14,0,1,0,0,0,2,4,2.00,0,134,94,1161,12.35,10,3,0,10,0,0
Marvin Hall,DET,WR,26,9,0,0,0,0,0,0,1,7,7.00,0,11,7,261,37.29,1,0,0,1,0,0
Christian Kirk,ARI,WR,23,13,13,0,0,0,0,0,10,93,9.30,0,108,68,709,10.43,3,0,0,3,1,0
Jarrett Stidham,NWE,QB,23,3,0,2,4,14,0,1,2,-2,-1.00,0,0,0,0,0,0,0,0,0,0,0
Kirk Cousins,MIN,QB,31,15,15,307,444,3603,26,6,31,63,2.03,1,1,0,0,0,0,10,3,1,0,1
Curtis Samuel,CAR,WR,23,16,15,0,0,0,0,0,19,130,6.84,1,105,54,627,11.61,6,0,0,7,0,0
Jason Witten,DAL,TE,37,16,16,0,0,0,0,0,0,0,0,0,83,63,529,8.40,4,1,1,4,1,0
Duke Johnson,HOU,RB,26,16,2,0,0,0,0,0,83,410,4.94,2,62,44,410,9.32,3,1,1,5,0,0
Mike Boone,MIN,RB,24,16,2,0,0,0,0,0,49,273,5.57,3,4,3,17,5.67,0,0,0,3,0,0
Lamar Jackson,BAL,QB,22,15,15,265,401,3127,36,6,176,1206,6.85,7,0,0,0,0,0,9,2,7,0,0
Duke Williams,BUF,WR,27,4,3,0,0,0,0,0,0,0,0,0,19,12,166,13.83,1,0,0,1,0,0
Corey Davis,TEN,WR,24,15,11,0,0,0,0,0,0,0,0,0,69,43,601,13.98,2,1,0,2,0,0
Antonio Brown,NWE,WR,31,1,0,0,0,0,0,0,1,5,5.00,0,8,4,56,14.00,1,0,0,1,0,0
Adam Shaheen,CHI,FB,25,8,2,0,0,0,0,0,0,0,0,0,13,9,74,8.22,0,1,1,0,1,0
Mike Davis,2TM,WR,26,12,1,0,0,0,0,0,13,27,2.08,0,8,7,22,3.14,0,0,0,0,0,0
Derek Carrier,OAK,TE,29,16,4,0,0,0,0,0,1,27,27.00,0,19,13,108,8.31,1,0,0,1,0,0
Justice Hill,BAL,RB,22,16,0,0,0,0,0,0,58,225,3.88,2,15,8,70,8.75,0,0,0,2,0,0
Patrick Mahomes,KAN,QB,24,14,14,319,484,4031,26,5,43,218,5.07,2,0,0,0,0,0,3,2,2,0,1
Philip Rivers,LAC,QB,38,16,16,390,591,4615,23,20,12,29,2.42,0,0,0,0,0,0,8,3,0,0,1
Eric Ebron,IND,TE,26,11,2,0,0,0,0,0,0,0,0,0,52,31,375,12.10,3,0,0,3,0,0
Marcus Johnson,IND,WR,25,8,6,0,0,0,0,0,0,0,0,0,33,17,277,16.29,2,0,0,2,0,0
Luke Stocker,ATL,TE,31,15,9,0,0,0,0,0,0,0,0,0,14,8,53,6.63,0,1,0,0,0,0
Jeremy Sprinkle,WAS,TE,25,16,13,0,0,0,0,0,0,0,0,0,40,26,241,9.27,1,1,0,1,0,0
Julian Edelman,NWE,WR,33,16,13,2,2,47,1,0,8,27,3.38,0,153,100,1117,11.17,6,3,1,6,1,0
Mike Evans,TAM,WR,26,13,13,0,0,0,0,0,0,0,0,0,118,67,1157,17.27,8,0,0,8,1,0
Tyler Higbee,LAR,TE,26,15,15,0,0,0,0,0,0,0,0,0,89,69,734,10.64,3,0,0,3,0,0
Chris Thompson,WAS,RB,29,11,0,0,0,0,0,0,37,138,3.73,0,58,42,378,9.00,0,1,0,0,0,0
Auden Tate,CIN,WR,22,12,10,0,0,0,0,0,0,0,0,0,80,40,575,14.38,1,1,1,1,0,0
Justin Hardee,NOR,WR,25,16,0,0,0,0,0,0,0,0,0,0,1,0,0,0,0,0,0,0,0,0
Sony Michel,NWE,RB,24,16,14,0,0,0,0,0,247,912,3.69,7,20,12,94,7.83,0,2,1,7,0,0
Jeremy McNichols,JAX,RB,24,1,0,0,0,0,0,0,0,0,0,0,0,0,0,0,0,0,0,0,0,0
Virgil Green,LAC,TE,31,15,4,0,0,0,0,0,0,0,0,0,13,9,78,8.67,1,0,0,1,0,0
Kenyan Drake,2TM,RB,25,14,10,0,0,0,0,0,170,817,4.81,8,68,50,345,6.90,0,2,1,8,1,0
KhaDarel Hodge,CLE,WR,24,16,1,0,0,0,0,0,0,0,0,0,10,4,76,19.00,0,0,0,0,0,0
Josh Allen,BUF,QB,23,16,16,271,461,3089,20,9,109,510,4.68,9,0,0,0,0,0,14,4,9,1,2
Lil'Jordan Humphrey,NOR,WR,21,5,1,0,0,0,0,0,0,0,0,0,1,0,0,0,0,0,0,0,0,0
Kenny Stills,HOU,WR,27,13,5,0,0,0,0,0,0,0,0,0,55,40,561,14.03,4,0,0,4,0,0
Tyler Conklin,MIN,TE,24,15,1,0,0,0,0,0,0,0,0,0,10,8,58,7.25,0,0,0,0,0,0
Jeff Smith,NYJ,WR,22,1,0,0,0,0,0,0,0,0,0,0,2,1,12,12.00,0,0,0,0,0,0
Tavon Austin,DAL,WR,29,14,0,0,0,0,0,0,6,47,7.83,1,24,13,177,13.62,1,1,0,2,0,0
Jamaal Williams,GNB,RB,24,14,2,0,0,0,0,0,107,460,4.30,1,45,39,253,6.49,5,0,0,6,0,0
Samaje Perine,2TM,RB,24,7,0,0,0,0,0,0,5,16,3.20,0,0,0,0,0,0,0,0,0,0,0
Kerryon Johnson,DET,RB,22,8,7,0,0,0,0,0,113,403,3.57,3,15,10,127,12.70,1,1,1,4,0,0
Pharaoh Brown,CLE,TE,25,9,6,0,0,0,0,0,0,0,0,0,3,2,27,13.50,0,0,0,0,0,0
Nick Foles,JAX,QB,30,4,4,77,117,736,3,2,4,23,5.75,0,0,0,0,0,0,2,2,0,0,1
Trace McSorley,BAL,QB,24,1,0,0,0,0,0,0,1,1,1.00,0,0,0,0,0,0,0,0,0,0,0
Dare Ogunbowale,TAM,RB,25,16,0,0,0,0,0,0,11,17,1.55,2,46,35,286,8.17,0,2,1,2,0,0
LeSean McCoy,KAN,RB,31,13,9,0,0,0,0,0,101,465,4.60,4,34,28,181,6.46,1,3,2,5,0,0
Colt McCoy,WAS,QB,33,1,1,18,27,122,0,1,2,14,7.00,0,0,0,0,0,0,2,0,0,0,0
Dwayne Harris,OAK,WR,32,3,0,0,0,0,0,0,0,0,0,0,1,1,7,7.00,0,0,0,0,0,0
Cethan Carter,CIN,TE,24,15,0,0,0,0,0,0,0,0,0,0,3,2,13,6.50,1,0,0,1,0,0
Saquon Barkley,NYG,RB,22,13,13,0,0,0,0,0,217,1003,4.62,6,73,52,438,8.42,2,1,0,8,0,0
Jaylen Samuels,PIT,RB,23,14,4,4,5,35,0,1,66,175,2.65,1,57,47,305,6.49,1,1,1,2,0,0
Teddy Bridgewater,NOR,QB,27,9,5,133,196,1384,9,2,28,31,1.11,0,0,0,0,0,0,1,0,0,0,0
Jordan Matthews,2TM,WR,27,3,1,0,0,0,0,0,0,0,0,0,12,4,33,8.25,0,0,0,0,0,0
Darrel Williams,KAN,RB,24,12,0,0,0,0,0,0,41,141,3.44,3,19,15,167,11.13,1,1,1,4,0,0
Laquon Treadwell,MIN,WR,24,13,1,0,0,0,0,0,0,0,0,0,16,9,184,20.44,1,0,0,1,0,0
Durham Smythe,MIA,TE,24,16,14,0,0,0,0,0,0,0,0,0,14,7,65,9.29,0,0,0,0,0,0
Evan Engram,NYG,TE,25,8,6,0,0,0,0,0,3,7,2.33,0,68,44,467,10.61,3,0,0,3,0,0
C.J. Ham,MIN,FB,26,16,7,0,0,0,0,0,7,17,2.43,0,26,17,149,8.76,1,1,1,1,0,0
David Moore,SEA,WR,24,14,1,0,0,0,0,0,3,25,8.33,0,34,17,301,17.71,2,2,1,2,0,0
Johnny Holton,PIT,WR,29,16,3,0,0,0,0,0,1,9,9.00,0,15,3,21,7.00,0,0,0,0,0,0
Darren Fells,HOU,TE,33,16,14,0,0,0,0,0,0,0,0,0,48,34,341,10.03,7,0,0,7,0,0
Willie Snead,BAL,WR,27,16,11,0,0,0,0,0,2,2,1.00,0,46,31,339,10.94,5,0,0,5,0,0
Dante Pettis,SFO,WR,24,11,4,1,1,16,0,0,0,0,0,0,24,11,109,9.91,2,0,0,2,0,0
Antonio Callaway,CLE,WR,22,4,2,0,0,0,0,0,0,0,0,0,15,8,89,11.13,0,0,0,0,0,0
Alshon Jeffery,PHI,WR,29,10,10,0,0,0,0,0,1,2,2.00,1,73,43,490,11.40,4,0,0,5,0,0
Blake Bell,KAN,TE,28,15,7,0,0,0,0,0,0,0,0,0,15,8,67,8.38,0,0,0,0,0,0
Jordan Thomas,HOU,TE,23,5,2,0,0,0,0,0,0,0,0,0,3,1,8,8.00,0,0,0,0,0,0
Darrell Henderson,LAR,RB,22,13,0,0,0,0,0,0,39,147,3.77,0,6,4,37,9.25,0,0,0,0,0,0
Ryan Izzo,NWE,TE,24,6,4,0,0,0,0,0,0,0,0,0,9,6,114,19.00,1,0,0,1,0,0
Greg Ward,PHI,WR,24,7,3,0,0,0,0,0,1,5,5.00,0,40,28,254,9.07,1,0,0,1,0,0
Brandon Dillon,MIN,TE,22,1,0,0,0,0,0,0,0,0,0,0,0,0,0,0,0,0,0,0,0,0
Deontay Burnett,PHI,WR,22,1,1,0,0,0,0,0,0,0,0,0,4,2,48,24.00,0,0,0,0,0,0
Hunter Renfrow,OAK,WR,24,13,4,0,0,0,0,0,0,0,0,0,71,49,605,12.35,4,1,0,4,0,0
Corey Clement,PHI,RB,25,4,0,0,0,0,0,0,0,0,0,0,0,0,0,0,0,2,2,0,0,0
Tom Brady,NWE,QB,42,16,16,373,613,4057,24,8,26,34,1.31,3,0,0,0,0,0,4,1,3,0,1
Austin Ekeler,LAC,RB,24,16,8,0,0,0,0,0,132,557,4.22,3,108,92,993,10.79,8,3,2,11,0,0
Qadree Ollison,ATL,RB,23,8,0,0,0,0,0,0,22,50,2.27,4,2,1,7,7.00,0,1,0,4,0,0
T.J. Hockenson,DET,TE,22,12,7,0,0,0,0,0,0,0,0,0,59,32,367,11.47,2,0,0,2,0,0
Brian Hoyer,IND,QB,34,4,1,35,65,372,4,4,8,2,0.25,0,0,0,0,0,0,2,1,0,0,0
Zay Jones,2TM,WR,24,15,9,0,0,0,0,0,1,3,3.00,0,45,27,216,8.00,0,0,0,0,0,0
Austin Walter,NYG,RB,23,1,0,0,0,0,0,0,0,0,0,0,0,0,0,0,0,0,0,0,0,0
Michael Burton,WAS,RB,27,10,2,0,0,0,0,0,0,0,0,0,1,0,0,0,0,0,0,0,0,0
Myles Gaskin,MIA,RB,22,7,0,0,0,0,0,0,36,133,3.69,1,12,7,51,7.29,0,0,0,1,0,0
Alfred Morris,ARI,RB,31,1,0,0,0,0,0,0,1,4,4.00,0,0,0,0,0,0,0,0,0,0,0
Dontrell Hilliard,CLE,RB,24,14,0,0,0,0,0,0,13,49,3.77,2,15,12,92,7.67,0,2,0,2,0,0
Khari Blasingame,TEN,FB,23,6,3,0,0,0,0,0,0,0,0,0,5,4,54,13.50,0,0,0,0,0,0
River Cracraft,DEN,WR,25,1,0,0,0,0,0,0,0,0,0,0,0,0,0,0,0,0,0,0,0,0
Chandler Cox,MIA,RB,23,13,3,0,0,0,0,0,0,0,0,0,0,0,0,0,0,0,0,0,0,0
Ashton Dulin,IND,WR,22,13,0,0,0,0,0,0,0,0,0,0,2,2,17,8.50,0,0,0,0,0,0
Keenan Allen,LAC,WR,27,16,16,0,0,0,0,0,3,16,5.33,0,149,104,1199,11.53,6,0,0,6,0,0
Logan Thomas,DET,TE,28,16,3,0,0,0,0,0,0,0,0,0,28,16,173,10.81,1,0,0,1,0,0
Royce Freeman,DEN,RB,23,16,0,0,0,0,0,0,132,496,3.76,3,50,43,256,5.95,1,0,0,4,0,0
Tarik Cohen,CHI,RB,24,16,11,0,0,0,0,0,64,213,3.33,0,104,79,456,5.77,3,3,0,3,0,0
Noah Fant,DEN,TE,22,16,11,0,0,0,0,0,3,-12,-4.00,0,66,40,562,14.05,3,1,1,3,0,0
Johnny Mundt,LAR,TE,25,13,2,0,0,0,0,0,0,0,0,0,7,4,26,6.50,0,0,0,0,0,0
Sean Culkin,LAC,TE,26,4,2,0,0,0,0,0,0,0,0,0,2,1,12,12.00,0,0,0,0,0,0
Parris Campbell,IND,WR,22,7,3,0,0,0,0,0,4,34,8.50,0,24,18,127,7.06,1,3,1,1,0,0
Dexter Williams,GNB,RB,22,4,0,0,0,0,0,0,5,11,2.20,0,0,0,0,0,0,0,0,0,0,0
Kalen Ballage,MIA,RB,24,12,6,0,0,0,0,0,74,135,1.82,3,24,14,63,4.50,0,0,0,3,0,0
Ty Johnson,DET,RB,22,16,1,0,0,0,0,0,63,273,4.33,0,31,24,109,4.54,0,1,1,0,0,0
Rashard Higgins,CLE,WR,25,10,1,0,0,0,0,0,0,0,0,0,11,4,55,13.75,1,0,0,1,0,0
J.P. Holtz,2TM,TE,26,15,7,0,0,0,0,0,0,0,0,0,8,7,91,13.00,0,0,0,0,0,0
Isaiah Ford,MIA,WR,23,8,0,0,0,0,0,0,1,11,11.00,0,35,23,244,10.61,0,0,0,0,0,0
Geoff Swaim,JAX,TE,26,6,2,0,0,0,0,0,0,0,0,0,17,13,65,5.00,0,0,0,0,0,0
Malik Turner,SEA,WR,23,15,3,0,0,0,0,0,0,0,0,0,22,15,245,16.33,1,0,0,1,0,0
Raheem Mostert,SFO,RB,27,16,0,0,0,0,0,0,137,772,5.64,8,22,14,180,12.86,2,2,2,10,0,0
Matt Breida,SFO,RB,24,13,5,0,0,0,0,0,123,623,5.07,1,22,19,120,6.32,1,2,1,2,0,0
Tony Brooks-James,PIT,RB,25,3,0,0,0,0,0,0,8,7,0.88,0,0,0,0,0,0,0,0,0,0,0
Seth Roberts,BAL,WR,28,16,0,0,0,0,0,0,0,0,0,0,35,21,271,12.90,2,0,0,2,0,0
Jared Cook,NOR,TE,32,14,7,0,0,0,0,0,0,0,0,0,65,43,705,16.40,9,0,0,9,0,0
Kyler Murray,ARI,QB,22,16,16,349,542,3722,20,12,93,544,5.85,4,0,0,0,0,0,5,2,4,0,3
Braxton Berrios,NYJ,WR,24,16,0,0,0,0,0,0,0,0,0,0,13,6,115,19.17,0,1,1,0,0,0
Olamide Zaccheaus,ATL,WR,22,10,0,0,0,0,0,0,0,0,0,0,5,3,115,38.33,1,0,0,2,0,0
Chris Herndon,NYJ,TE,23,1,0,0,0,0,0,0,0,0,0,0,2,1,7,7.00,0,0,0,0,0,0
Chase Edmonds,ARI,RB,23,13,2,0,0,0,0,0,60,303,5.05,4,21,12,105,8.75,1,0,0,5,0,0
Josh Jacobs,OAK,RB,21,13,13,0,0,0,0,0,242,1150,4.75,7,27,20,166,8.30,0,1,1,7,0,0
Gardner Minshew II,JAX,QB,23,14,12,285,470,3271,21,6,67,344,5.13,0,0,0,0,0,0,12,7,0,0,3
Stefon Diggs,MIN,WR,26,15,15,0,1,0,0,0,5,61,12.20,0,94,63,1130,17.94,6,4,3,6,0,0
Terry McLaurin,WAS,WR,24,14,14,0,0,0,0,0,0,0,0,0,93,58,919,15.84,7,0,0,7,0,0
Josh Adams,NYJ,RB,23,3,0,0,0,0,0,0,8,12,1.50,0,0,0,0,0,0,0,0,0,0,0
Kaden Smith,NYG,TE,22,9,6,0,0,0,0,0,0,0,0,0,42,31,268,8.65,3,2,0,3,0,0
Steven Mitchell,HOU,WR,25,3,1,0,0,0,0,0,0,0,0,0,6,2,37,18.50,0,0,0,0,0,0
Eric Tomlinson,3TM,TE,27,8,3,0,0,0,0,0,0,0,0,0,1,1,1,1.00,0,0,0,0,0,0
Robert Foster,BUF,WR,25,13,2,0,0,0,0,0,2,29,14.50,0,18,3,64,21.33,0,0,0,0,0,0
Nick Bellore,SEA,FB,30,14,1,0,0,0,0,0,0,0,0,0,2,2,23,11.50,1,0,0,1,0,0
Jamison Crowder,NYJ,WR,26,16,12,0,0,0,0,0,1,4,4.00,0,122,78,833,10.68,6,0,0,6,0,0
Jalen Guyton,LAC,WR,22,3,0,0,0,0,0,0,0,0,0,0,2,0,0,0,0,0,0,0,0,0
Dede Westbrook,JAX,WR,26,15,11,0,0,0,0,0,5,27,5.40,0,101,66,660,10.00,3,1,0,3,2,0
David Blough,DET,QB,24,5,5,94,174,984,4,6,8,31,3.88,0,1,1,19,19.00,1,1,0,1,0,0
Isaac Nauta,DET,TE,22,6,0,0,0,0,0,0,0,0,0,0,3,2,13,6.50,0,0,0,0,0,0
Michael Gallup,DAL,WR,23,14,12,0,0,0,0,0,0,0,0,0,113,66,1107,16.77,6,0,0,6,0,0
Hale Hentges,WAS,TE,23,11,4,0,0,0,0,0,0,0,0,0,14,8,103,12.88,1,0,0,1,0,0
Aaron Jones,GNB,RB,25,16,16,0,0,0,0,0,236,1084,4.59,16,68,49,474,9.67,3,3,2,19,0,0
C.J. Uzomah,CIN,TE,26,16,16,0,0,0,0,0,0,0,0,0,40,27,242,8.96,2,0,0,2,0,0
Marlon Mack,IND,RB,23,14,12,0,0,0,0,0,247,1091,4.42,8,17,14,82,5.86,0,0,0,8,1,0
Julio Jones,ATL,WR,30,15,15,0,0,0,0,0,2,-3,-1.50,0,157,99,1394,14.08,6,1,0,6,0,0
Baker Mayfield,CLE,QB,24,16,16,317,534,3827,22,21,28,141,5.04,3,0,0,0,0,0,6,2,3,0,1
Matt Schaub,ATL,QB,38,6,1,50,67,580,3,1,3,-3,-1.00,0,0,0,0,0,0,1,1,0,0,1
Jalen Richard,OAK,RB,26,16,0,0,0,0,0,0,39,145,3.72,0,43,36,323,8.97,0,2,0,0,0,0
Benny Snell Jr.,PIT,RB,21,13,2,0,0,0,0,0,108,426,3.94,2,4,3,23,7.67,0,1,1,2,0,0
Patrick Laird,MIA,RB,24,15,4,0,0,0,0,0,62,168,2.71,1,30,23,204,8.87,0,0,0,1,1,0
Ryan Tannehill,TEN,QB,31,12,10,201,286,2742,22,6,43,185,4.30,4,0,0,0,0,0,5,3,4,1,0
Jonnu Smith,TEN,TE,24,16,14,0,0,0,0,0,4,78,19.50,0,44,35,439,12.54,3,0,0,3,0,0
Zach Gentry,PIT,TE,23,4,0,0,0,0,0,0,0,0,0,0,1,1,4,4.00,0,0,0,0,0,0
Dwayne Washington,NOR,RB,25,16,0,0,0,0,0,0,8,60,7.50,0,1,1,6,6.00,0,0,0,0,0,0
Marvin Jones,DET,WR,29,13,11,0,0,0,0,0,2,0,0.00,0,91,62,779,12.56,9,0,0,9,0,0
Russell Gage,ATL,WR,23,16,4,0,0,0,0,0,4,12,3.00,0,74,49,446,9.10,1,1,1,1,0,0
Alex Armah,CAR,FB,25,16,1,0,0,0,0,0,6,11,1.83,1,2,2,6,3.00,0,0,0,1,0,0
A.J. McCarron,HOU,QB,29,2,1,21,37,225,0,1,5,39,7.80,1,0,0,0,0,0,0,0,1,0,0
Sammy Watkins,KAN,WR,26,14,13,0,0,0,0,0,2,12,6.00,0,90,52,673,12.94,3,2,1,3,1,0
Matthew Slater,NWE,WR,34,16,0,0,0,0,0,0,0,0,0,0,0,0,0,0,0,0,0,0,0,0
Marquise Brown,BAL,WR,22,14,11,0,0,0,0,0,0,0,0,0,71,46,584,12.70,7,0,0,7,0,0
Ben Roethlisberger,PIT,QB,37,2,2,35,62,351,0,1,1,7,7.00,0,0,0,0,0,0,1,0,0,0,0
Dwayne Haskins,WAS,QB,22,9,7,119,203,1365,7,7,20,101,5.05,0,0,0,0,0,0,6,2,0,0,1
Tyler Kroft,BUF,TE,27,11,3,0,0,0,0,0,0,0,0,0,14,6,71,11.83,1,0,0,1,0,0
Taiwan Jones,HOU,RB,31,11,0,0,0,0,0,0,9,40,4.44,0,1,1,9,9.00,0,0,0,0,0,0
Alvin Kamara,NOR,RB,24,14,9,1,1,13,0,0,171,797,4.66,5,97,81,533,6.58,1,4,1,6,0,0
Robert Griffin III,BAL,QB,29,7,1,23,38,225,1,2,20,70,3.50,0,0,0,0,0,0,0,0,0,0,0
Michael Thomas,NOR,WR,26,16,15,0,0,0,0,0,1,-9,-9.00,0,185,149,1725,11.58,9,1,0,9,0,0
Mason Rudolph,PIT,QB,24,10,8,176,283,1765,13,9,21,42,2.00,0,0,0,0,0,0,4,0,0,0,0
Jordan Wilkins,IND,RB,25,14,1,0,0,0,0,0,51,307,6.02,2,11,7,43,6.14,0,0,0,2,0,0
Ty Montgomery,NYJ,WR,26,16,2,0,0,0,0,0,32,103,3.22,0,17,13,90,6.92,0,0,0,0,0,0
C.J. Prosise,SEA,RB,25,9,0,0,0,0,0,0,23,72,3.13,1,12,10,76,7.60,0,1,1,1,0,0
Phillip Lindsay,DEN,RB,25,16,16,0,0,0,0,0,224,1011,4.51,7,48,35,196,5.60,0,0,0,7,0,0
Mark Andrews,BAL,TE,24,15,4,0,0,0,0,0,0,0,0,0,98,64,852,13.31,10,2,1,10,0,0
D.J. Moore,CAR,WR,22,15,15,0,0,0,0,0,6,40,6.67,0,135,87,1175,13.51,4,2,1,4,0,0
Kenjon Barner,ATL,RB,30,14,0,1,1,3,0,0,4,28,7.00,0,8,6,22,3.67,0,4,1,1,0,0
Mecole Hardman,KAN,WR,21,16,5,0,0,0,0,0,4,17,4.25,0,41,26,538,20.69,6,2,2,7,0,0
Gunner Olszewski,NWE,WR,23,8,0,0,0,0,0,0,0,0,0,0,4,2,34,17.00,0,1,1,0,0,0
Kyle Rudolph,MIN,TE,30,16,16,0,0,0,0,0,0,0,0,0,48,39,367,9.41,6,0,0,6,1,0
Scott Miller,TAM,WR,22,10,2,0,0,0,0,0,2,16,8.00,0,26,13,200,15.38,1,0,0,1,0,0
Gehrig Dieter,KAN,WR,26,2,0,0,0,0,0,0,0,0,0,0,0,0,0,0,0,0,0,0,0,0
Darren Waller,OAK,TE,27,16,16,0,0,0,0,0,2,5,2.50,0,117,90,1145,12.72,3,1,1,3,0,0
C.J. Board,JAX,WR,26,4,0,0,0,0,0,0,0,0,0,0,4,2,31,15.50,0,0,0,0,0,0
Dallas Goedert,PHI,TE,24,15,9,0,0,0,0,0,0,0,0,0,87,58,607,10.47,5,2,2,5,0,0
Justin Jackson,LAC,RB,23,7,0,0,0,0,0,0,29,200,6.90,0,11,9,22,2.44,0,0,0,0,0,0
DJ Chark,JAX,WR,23,15,14,0,0,0,0,0,2,20,10.00,0,118,73,1008,13.81,8,0,0,8,1,0
David Johnson,ARI,RB,28,13,9,0,0,0,0,0,94,345,3.67,2,47,36,370,10.28,4,1,1,6,0,0
Dalvin Cook,MIN,RB,24,14,14,0,0,0,0,0,250,1135,4.54,13,63,53,519,9.79,0,4,2,13,0,0
Trey Edmunds,PIT,RB,25,11,0,0,0,0,0,0,22,92,4.18,0,7,6,48,8.00,0,0,0,0,0,0
Keelan Cole,JAX,WR,26,16,1,0,0,0,0,0,1,6,6.00,0,35,24,361,15.04,3,0,0,3,0,0
Mo Alie-Cox,IND,TE,26,16,2,0,0,0,0,0,0,0,0,0,11,8,93,11.63,0,0,0,0,0,0
T.Y. Hilton,IND,WR,30,10,10,0,0,0,0,0,0,0,0,0,68,45,501,11.13,5,0,0,5,0,0
James Conner,PIT,RB,24,10,10,0,0,0,0,0,116,464,4.00,4,38,34,251,7.38,3,1,1,7,0,0
Latavius Murray,NOR,RB,29,16,8,0,0,0,0,0,146,637,4.36,5,43,34,235,6.91,1,0,0,6,0,0
Tajae Sharpe,TEN,WR,25,15,6,0,0,0,0,0,0,0,0,0,35,25,329,13.16,4,0,0,4,0,0
Alex Erickson,CIN,WR,27,16,6,1,1,26,0,0,5,33,6.60,0,78,43,529,12.30,0,4,2,0,0,0
Drew Lock,DEN,QB,23,5,5,100,156,1020,7,3,18,72,4.00,0,0,0,0,0,0,3,1,0,0,0
Jesse James,DET,TE,25,16,11,0,0,0,0,0,0,0,0,0,27,16,142,8.88,0,0,0,0,0,0
Ted Ginn Jr.,NOR,WR,34,16,9,0,0,0,0,0,3,18,6.00,0,56,30,421,14.03,2,0,0,2,0,0
Derrick Henry,TEN,RB,25,15,15,0,0,0,0,0,303,1540,5.08,16,24,18,206,11.44,2,5,3,18,0,0
Drew Brees,NOR,QB,40,11,11,281,378,2979,27,4,9,-4,-0.44,1,0,0,0,0,0,0,0,1,0,0
Nick Boyle,BAL,TE,26,16,15,0,0,0,0,0,0,0,0,0,43,31,321,10.35,2,0,0,2,0,0
Carson Wentz,PHI,QB,27,16,16,388,607,4039,27,7,62,243,3.92,1,0,0,0,0,0,16,7,1,0,2
Robbie Chosen,NYJ,WR,26,16,15,0,0,0,0,0,1,4,4.00,0,96,52,779,14.98,5,1,0,5,1,0
Jonathan Williams,IND,RB,25,9,1,0,0,0,0,0,49,235,4.80,1,5,5,59,11.80,0,0,0,1,0,0
Patrick Ricard,BAL,FB,25,16,7,0,0,0,0,0,0,0,0,0,11,8,47,5.88,1,0,0,1,0,0
Kyle Juszczyk,SFO,FB,28,12,12,0,0,0,0,0,3,7,2.33,0,24,20,239,11.95,1,0,0,1,0,0
Keith Kirkwood,NOR,WR,25,1,0,0,0,0,0,0,0,0,0,0,0,0,0,0,0,0,0,0,0,0
Jack Doyle,IND,TE,29,16,16,0,0,0,0,0,0,0,0,0,72,43,448,10.42,4,1,0,4,0,0
Devin Singletary,BUF,RB,22,12,8,0,0,0,0,0,151,775,5.13,2,41,29,194,6.69,2,4,1,4,0,0
Trenton Irwin,CIN,WR,24,1,0,0,0,0,0,0,0,0,0,0,0,0,0,0,0,0,0,0,0,0
Dion Lewis,TEN,RB,29,16,1,0,0,0,0,0,54,209,3.87,0,32,25,164,6.56,1,1,1,1,0,0
Troy Fumagalli,DEN,TE,24,11,5,0,0,0,0,0,0,0,0,0,9,6,38,6.33,1,0,0,1,0,0
Nyheim Hines,IND,RB,23,16,2,0,0,0,0,0,52,199,3.83,2,58,44,320,7.27,0,1,1,4,0,0
Jakobi Meyers,NWE,WR,23,15,1,0,0,0,0,0,0,0,0,0,41,26,359,13.81,0,0,0,0,0,0
Alec Ingold,OAK,FB,23,16,4,0,0,0,0,0,10,17,1.70,0,6,6,44,7.33,1,0,0,1,0,0
Jimmy Graham,GNB,TE,33,16,10,0,0,0,0,0,0,0,0,0,60,38,447,11.76,3,1,0,3,0,0
Jacoby Brissett,IND,QB,27,15,15,272,447,2942,18,6,56,228,4.07,4,1,1,2,2.00,0,7,5,4,0,1
Kalif Raymond,TEN,WR,25,8,1,0,0,0,0,0,1,-5,-5.00,0,12,9,170,18.89,1,1,1,1,0,0
Keelan Doss,OAK,WR,23,8,2,0,0,0,0,0,0,0,0,0,14,11,133,12.09,0,0,0,0,0,0
Levine Toilolo,SFO,TE,28,13,0,0,0,0,0,0,0,0,0,0,2,2,10,5.00,0,0,0,0,0,0
Brian Hill,ATL,RB,24,12,2,0,0,0,0,0,78,323,4.14,2,14,10,69,6.90,1,0,0,3,0,0
David Montgomery,CHI,RB,22,16,8,0,0,0,0,0,242,889,3.67,6,35,25,185,7.40,1,2,2,7,0,0
Jeff Wilson,SFO,RB,24,10,0,0,0,0,0,0,27,105,3.89,4,5,3,34,11.33,1,0,0,5,0,0
Tyrod Taylor,LAC,QB,30,8,0,4,6,33,1,0,10,7,0.70,0,1,0,0,0,0,0,0,0,0,0
Drew Sample,CIN,TE,23,9,2,0,0,0,0,0,0,0,0,0,6,5,30,6.00,0,0,0,0,0,0
Diontae Johnson,PIT,WR,23,16,12,0,0,0,0,0,4,41,10.25,0,92,59,680,11.53,5,5,2,6,0,0
Miles Sanders,PHI,RB,22,16,11,0,0,0,0,0,179,818,4.57,3,63,50,509,10.18,3,2,1,6,1,0
KeeSean Johnson,ARI,WR,23,10,4,0,0,0,0,0,1,3,3.00,0,42,21,187,8.90,1,1,1,1,1,0
John Brown,BUF,WR,29,15,15,1,1,28,1,0,2,7,3.50,0,115,72,1060,14.72,6,0,0,6,0,0
Irv Smith Jr.,MIN,TE,21,16,7,0,0,0,0,0,0,0,0,0,47,36,311,8.64,2,1,0,2,0,0
Jaleel Scott,BAL,WR,24,3,0,0,0,0,0,0,0,0,0,0,3,1,6,6.00,0,0,0,0,0,0
Maxx Williams,ARI,TE,25,16,10,0,0,0,0,0,0,0,0,0,19,15,202,13.47,1,0,0,1,0,0
Ian Thomas,CAR,TE,23,16,3,0,0,0,0,0,0,0,0,0,30,16,136,8.50,1,0,0,1,0,0
Jacob Hollister,SEA,TE,26,11,3,0,0,0,0,0,0,0,0,0,59,41,349,8.51,3,0,0,3,0,0
Matthew Stafford,DET,QB,31,8,8,187,291,2499,19,5,20,66,3.30,0,0,0,0,0,0,5,3,0,0,0
Travis Homer,SEA,RB,21,16,1,0,0,0,0,0,18,114,6.33,0,13,11,56,5.09,0,0,0,0,0,0
Reggie Bonnafon,CAR,RB,23,16,0,0,0,0,0,0,16,116,7.25,1,9,6,57,9.50,0,0,0,1,0,0
Jared Goff,LAR,QB,25,16,16,394,626,4638,22,16,33,40,1.21,2,0,0,0,0,0,10,5,2,0,0
Damion Ratley,CLE,WR,24,13,3,0,0,0,0,0,0,0,0,0,24,12,200,16.67,1,0,0,1,0,0
Mike Williams,LAC,WR,25,15,15,0,0,0,0,0,1,2,2.00,0,90,49,1001,20.43,2,0,0,2,0,0
Stephen Anderson,LAC,TE,26,1,0,0,0,0,0,0,0,0,0,0,0,0,0,0,0,0,0,0,0,0
Trayveon Williams,CIN,RB,22,11,0,0,0,0,0,0,0,0,0,0,0,0,0,0,0,0,0,0,0,0
Brandon Wilson,CIN,RB,25,12,2,0,0,0,0,0,0,0,0,0,0,0,0,0,0,1,0,1,0,0
N'Keal Harry,NWE,WR,22,7,5,0,0,0,0,0,5,49,9.80,0,24,12,105,8.75,2,0,0,2,0,0
Deonte Harty,NOR,WR,22,14,1,0,0,0,0,0,4,31,7.75,0,6,6,24,4.00,0,3,1,1,0,0
Pharoh Cooper,2TM,WR,24,13,1,0,0,0,0,0,1,2,2.00,0,33,25,243,9.72,1,0,0,1,0,0
Josh Hill,NOR,TE,29,16,11,0,0,0,0,0,0,0,0,0,35,25,226,9.04,3,0,0,3,0,0
DeAndre Carter,HOU,WR,26,16,3,0,0,0,0,0,0,0,0,0,14,11,162,14.73,0,2,1,0,0,0
Matt Ryan,ATL,QB,34,15,15,408,616,4466,26,14,34,147,4.32,1,0,0,0,0,0,9,5,1,0,1
Blake Jarwin,DAL,TE,25,16,7,0,0,0,0,0,0,0,0,0,41,31,365,11.77,3,1,0,3,0,0
Christian McCaffrey,CAR,RB,23,16,16,0,2,0,0,0,287,1387,4.83,15,142,116,1005,8.66,4,1,0,19,1,0
Keke Coutee,HOU,WR,22,9,4,0,0,0,0,0,2,14,7.00,1,36,22,254,11.55,0,1,1,1,0,0
Richard Rodgers,PHI,TE,27,1,0,0,0,0,0,0,0,0,0,0,0,0,0,0,0,0,0,0,0,0
D'Ernest Johnson,CLE,RB,23,16,0,0,0,0,0,0,4,21,5.25,0,7,6,71,11.83,0,0,0,0,0,0
Joe Mixon,CIN,RB,23,16,15,0,0,0,0,0,278,1137,4.09,5,45,35,287,8.20,3,0,0,8,0,0
Cordarrelle Patterson,CHI,WR,28,16,4,0,0,0,0,0,17,103,6.06,0,17,11,83,7.55,0,0,0,1,0,0
Elijhaa Penny,NYG,RB,26,16,1,0,0,0,0,0,15,39,2.60,0,4,2,9,4.50,0,0,0,0,0,0
Austin Carr,NOR,WR,26,6,3,0,0,0,0,0,0,0,0,0,4,1,9,9.00,0,0,0,0,0,0
Nick Mullens,SFO,QB,24,1,0,0,0,0,0,0,3,-3,-1.00,0,0,0,0,0,0,0,0,0,0,0
Malcolm Brown,LAR,RB,26,14,1,0,0,0,0,0,69,255,3.70,5,6,2,16,8.00,0,0,0,5,0,0
MyCole Pruitt,TEN,TE,27,16,10,0,0,0,0,0,0,0,0,0,8,6,90,15.00,1,0,0,1,0,0
Alexander Mattison,MIN,RB,21,13,0,0,0,0,0,0,100,462,4.62,1,12,10,82,8.20,0,1,1,1,0,0
Marcedes Lewis,GNB,TE,35,16,11,0,0,0,0,0,0,0,0,0,19,15,156,10.40,1,0,0,1,0,0
Jameis Winston,TAM,QB,25,16,16,380,626,5109,33,30,59,250,4.24,1,0,0,0,0,0,12,5,1,2,2
Rex Burkhead,NWE,RB,29,13,1,0,0,0,0,0,65,302,4.65,3,38,27,279,10.33,0,1,1,3,0,0
Tyler Eifert,CIN,TE,29,16,4,0,0,0,0,0,0,0,0,0,63,43,436,10.14,3,0,0,3,1,0
Ryan Finley,CIN,QB,25,3,3,41,87,474,2,2,10,77,7.70,0,0,0,0,0,0,4,3,0,0,0
Jeff Driskel,DET,QB,26,3,3,62,105,685,4,4,22,151,6.86,1,1,1,6,6.00,0,1,0,1,0,0
Melvin Gordon,LAC,RB,26,12,11,0,0,0,0,0,162,612,3.78,8,55,42,296,7.05,1,4,3,9,0,0
Ross Dwelley,SFO,TE,24,16,6,0,0,0,0,0,0,0,0,0,22,15,91,6.07,2,0,0,2,0,0
Vyncint Smith,NYJ,WR,23,13,4,0,0,0,0,0,3,52,17.33,1,31,17,225,13.24,0,1,1,1,0,0
Andre Roberts,BUF,WR,31,13,0,0,0,0,0,0,1,7,7.00,0,7,3,20,6.67,0,1,0,0,0,0
Nick Vannett,2TM,TE,26,16,7,0,0,0,0,0,0,0,0,0,22,17,166,9.76,0,0,0,0,0,0
Andy Isabella,ARI,WR,23,15,1,0,0,0,0,0,4,15,3.75,0,13,9,189,21.00,1,0,0,1,0,0
Adam Humphries,TEN,WR,26,12,3,0,0,0,0,0,1,1,1.00,0,47,37,374,10.11,2,1,0,2,0,0
Cedrick Wilson Jr.,DAL,WR,24,6,0,0,0,0,0,0,0,0,0,0,8,5,46,9.20,0,0,0,0,0,0
Tanner Hudson,TAM,TE,25,9,1,0,0,0,0,0,0,0,0,0,5,2,26,13.00,0,0,0,0,0,0
Travis Kelce,KAN,TE,30,16,16,0,0,0,0,0,1,4,4.00,1,136,97,1229,12.67,5,1,1,6,0,0
Hunter Henry,LAC,TE,25,12,12,0,0,0,0,0,0,0,0,0,76,55,652,11.85,5,1,1,5,1,0
Cam Newton,CAR,QB,30,2,2,50,89,572,0,1,5,-2,-0.40,0,0,0,0,0,0,2,2,0,0,0
David Njoku,CLE,TE,23,4,1,0,0,0,0,0,0,0,0,0,10,5,41,8.20,1,0,0,1,0,0
Frank Gore,BUF,RB,36,16,8,0,0,0,0,0,166,599,3.61,2,16,13,100,7.69,0,0,0,2,0,0
Jojo Natson,LAR,WR,25,12,0,0,0,0,0,0,0,0,0,0,0,0,0,0,0,0,0,0,0,0
Damiere Byrd,ARI,WR,26,11,3,0,0,0,0,0,0,0,0,0,46,32,359,11.22,1,1,1,1,0,0
DeAndre Hopkins,HOU,WR,27,15,15,1,2,6,1,1,2,18,9.00,0,150,104,1165,11.20,7,0,0,7,1,0
JuJu Smith-Schuster,PIT,WR,23,12,12,0,0,0,0,0,0,0,0,0,70,42,552,13.14,3,1,1,3,0,0
Chris Moore,BAL,WR,26,14,1,0,0,0,0,0,1,0,0.00,0,5,3,21,7.00,0,0,0,0,0,0
Odell Beckham Jr.,CLE,WR,27,16,15,1,2,20,0,0,3,10,3.33,0,133,74,1035,13.99,4,1,1,4,0,0
Ezekiel Elliott,DAL,RB,24,16,16,0,0,0,0,0,301,1357,4.51,12,71,54,420,7.78,2,3,2,14,0,0
George Kittle,SFO,TE,26,14,14,0,0,0,0,0,5,22,4.40,0,107,85,1053,12.39,5,1,0,5,0,0
Sam Darnold,NYJ,QB,22,13,13,273,441,3024,19,13,33,62,1.88,2,0,0,0,0,0,11,3,2,0,3
Dontrelle Inman,2TM,WR,30,7,1,0,0,0,0,0,0,0,0,0,21,12,181,15.08,0,0,0,0,0,0
Will Dissly,SEA,TE,23,6,6,0,0,0,0,0,1,7,7.00,0,27,23,262,11.39,4,1,0,4,0,0
Emmanuel Sanders,2TM,WR,32,17,16,1,1,35,1,0,0,0,0,0,97,66,869,13.17,5,0,0,5,1,0
Chase Daniel,CHI,QB,33,3,1,45,64,435,3,2,6,6,1.00,0,0,0,0,0,0,0,0,0,0,0
Seth Devalve,JAX,TE,26,12,6,0,0,0,0,0,0,0,0,0,18,12,140,11.67,0,0,0,0,0,0
Cole Beasley,BUF,WR,30,15,10,0,0,0,0,0,0,0,0,0,106,67,778,11.61,6,0,0,6,2,0
Stephen Carlson,CLE,TE,23,9,5,0,0,0,0,0,0,0,0,0,7,5,51,10.20,1,0,0,1,0,0
Todd Gurley,LAR,RB,25,15,15,0,0,0,0,0,223,857,3.84,12,49,31,207,6.68,2,3,2,14,1,0
Cullen Gillaspia,HOU,RB,24,16,0,0,0,0,0,0,0,0,0,0,0,0,0,0,0,0,0,0,0,0
